<?xml version="1.0" encoding="UTF-8"?>
<!-- Copyright (C) 2014-2022 Free Software Foundation, Inc. -->
<component type="desktop-application">
 <id>org.gnu.emacs</id>
 <metadata_license>GFDL-1.3+</metadata_license>
 <name>GNU Emacs</name>
 <summary>An extensible text editor</summary>
 <icon type="remote" width="128" height="128">https://www.gnu.org/software/emacs/images/emacs.png</icon>
 <description>
  <p>
   GNU Emacs is an extensible, customizable text editor - and more.
   At its core is an interpreter for Emacs Lisp, a dialect of the Lisp
   programming language with extensions to support text editing.
  </p>
  <p>The features of GNU Emacs include:</p>
  <ul>
   <li>Content-sensitive editing modes, including syntax coloring, for
   a wide-range of file types</li>
   <li>Complete built-in documentation, including a tutorial for new users</li>
   <li>Full Unicode support for nearly all human languages and their scripts</li>
   <li>Highly customizable, using Emacs Lisp code or a graphical interface</li>
   <li>Includes a project planner, mail and news reader, debugger
   interface, calendar, and more</li>
  </ul>
 </description>
 <categories>
   <category>Development</category>
   <category>TextEditor</category>
 </categories>
 <url type="homepage">https://www.gnu.org/software/emacs</url>
 <url type="bugtracker">https://debbugs.gnu.org/</url>
 <url type="faq">https://www.gnu.org/software/emacs/manual/html_mono/efaq.html</url>
 <url type="help">https://www.gnu.org/software/emacs/documentation.html</url>
 <url type="donation">https://my.fsf.org/donate/</url>
 <url type="contact">https://lists.gnu.org/mailman/listinfo/emacs-devel/</url>
 <launchable type="desktop-id">emacs.desktop</launchable>
 <launchable type="service">emacs.service</launchable>
 <project_group>GNU</project_group>
 <project_license>GPL-3.0+ and GFDL-1.3+</project_license>
 <developer_name>Free Software Foundation</developer_name>
 <screenshots>
  <screenshot type="default">
    <image type="source" width="632" height="354">https://www.gnu.org/software/emacs/images/appdata-26.png</image>
    <caption>Editing a Lisp program whilst viewing the Emacs manual.</caption>
  </screenshot>
 </screenshots>
 <update_contact>emacs-devel_AT_gnu.org</update_contact>
</component>
